id,symbol,name,image,current_price,market_cap,market_cap_rank,fully_diluted_valuation,total_volume,high_24h,low_24h,price_change_24h,price_change_percentage_24h,market_cap_change_24h,market_cap_change_percentage_24h,circulating_supply,total_supply,max_supply,ath,ath_change_percentage,ath_date,atl,atl_change_percentage,atl_date,roi,last_updated,price_change_percentage_1h_in_currency,price_change_percentage_24h_in_currency,roi.times,roi.currency,roi.percentage
bitcoin,btc,Bitcoin,https://assets.coingecko.com/coins/images/1/large/bitcoin.png?1547033579,42431.0,803335230340,1,891053649022.0,17787824146,43027.0,41641.0,-468.663545845659,-1.09246,-8998562565.955566,-1.10774,18932687.0,21000000.0,21000000.0,69045.0,-38.49079,2021-11-10T14:24:11.849Z,67.81,62530.17008,2013-07-06T00:00:00.000Z,,2022-01-18T01:21:38.826Z,-0.029380943508921013,-1.092461173434971,,,
ethereum,eth,Ethereum,https://assets.coingecko.com/coins/images/279/large/ethereum.png?1595348880,3238.5,386043276328,2,,12061177747,3332.33,3156.67,-87.935712321453,-2.64354,-10601216436.896912,-2.67272,119204198.874,,,4878.26,-33.55645,2021-11-10T14:24:19.604Z,0.432979,748502.28564,2015-10-20T00:00:00.000Z,,2022-01-18T01:21:47.902Z,0.05977861851449711,-2.6435384255527414,101.10066712726572,btc,10110.066712726573
binancecoin,bnb,Binance Coin,https://assets.coingecko.com/coins/images/825/large/binance-coin-logo.png?1547034615,478.9,80490405514,3,80490405514.0,1764689279,495.19,469.3,-16.290777753392,-3.2898,-2781422260.2199707,-3.34017,168137035.9,168137035.9,168137035.9,686.31,-30.25211,2021-05-10T07:24:17.097Z,0.0398177,1202090.0287,2017-10-19T00:00:00.000Z,,2022-01-18T01:22:25.371Z,0.33153258782086475,-3.2897978678747815,,,
tether,usdt,Tether,https://assets.coingecko.com/coins/images/325/large/Tether-logo.png?1598003707,1.0,78406553476,4,,45684756019,1.01,0.995371,0.00142632,0.14265,107994848.0,0.13793,78304569300.6615,78304569300.6615,,1.32,-24.253,2018-07-24T00:00:00.000Z,0.572521,75.05123,2015-03-02T00:00:00.000Z,,2022-01-18T01:20:58.839Z,-0.19253124302322608,0.14264939257238107,,,
cardano,ada,Cardano,https://assets.coingecko.com/coins/images/975/large/cardano.png?1547034860,1.59,51018165051,5,71595754291.0,5056518683,1.61,1.39,0.193574,13.84831,6149749317.0,13.70619,32066390668.4135,45000000000.0,45000000000.0,3.09,-48.43716,2021-09-02T06:00:10.474Z,0.01925275,8167.38633,2020-03-13T02:22:55.044Z,,2022-01-18T01:23:22.106Z,-1.0231702722449993,13.848313381707083,,,
usd-coin,usdc,USD Coin,https://assets.coingecko.com/coins/images/6319/large/USD_Coin_icon.png?1547042389,1.0,45611453400,6,,2621077850,1.01,0.996558,0.00206913,0.20699,124226610.0,0.2731,45529178520.7229,45535554346.2459,,1.17,-14.57305,2019-05-08T00:40:28.300Z,0.891848,12.32936,2021-05-19T13:14:05.611Z,,2022-01-18T01:21:45.434Z,-0.035196367712694694,0.20698607817391107,,,
solana,sol,Solana,https://assets.coingecko.com/coins/images/4128/large/solana.png?1640133422,141.6,44481187439,7,,1351519094,146.42,137.28,-4.813238030098,-3.28732,-1539516511.8178406,-3.34527,314152524.672388,508180963.57,,259.96,-45.53331,2021-11-06T21:54:35.825Z,0.500801,28172.93297,2020-05-11T19:35:23.449Z,,2022-01-18T01:22:31.745Z,0.14689223226199805,-3.2873227412282087,,,
ripple,xrp,XRP,https://assets.coingecko.com/coins/images/44/large/xrp-symbol-white-128.png?1605778731,0.768254,36618992235,8,76828780936.0,2048246468,0.777629,0.751883,-0.008082062313,-1.04105,-374068084.47439575,-1.01118,47663117635.0,100000000000.0,100000000000.0,3.4,-77.38121,2018-01-07T00:00:00.000Z,0.00268621,28516.12082,2014-05-22T00:00:00.000Z,,2022-01-18T01:22:47.859Z,0.19153471904200264,-1.041051781531926,,,
terra-luna,luna,Terra,https://assets.coingecko.com/coins/images/8284/large/luna1557227471663.png?1567147072,78.37,28057014811,9,78362140222.0,1796556541,86.56,76.31,-7.897953623271,-9.15492,-2883642731.158371,-9.31991,358042987.748097,826270736.966332,1000000000.0,103.34,-24.2171,2021-12-27T02:13:02.051Z,0.121798,64196.26254,2020-03-18T17:03:01.083Z,,2022-01-18T01:22:51.464Z,1.2829840613567338,-9.15491993279119,,,
polkadot,dot,Polkadot,https://assets.coingecko.com/coins/images/12171/large/polkadot.png?1639712644,25.87,27796954521,10,,1200662593,27.47,25.2,-1.595928915383,-5.81017,-1728465065.5001068,-5.85416,1074793394.561,1155742528.53101,,54.98,-52.9422,2021-11-04T14:10:09.301Z,2.7,859.15603,2020-08-20T05:48:11.359Z,,2022-01-18T01:22:15.421Z,0.10524357278739321,-5.810173839361908,,,
dogecoin,doge,Dogecoin,https://assets.coingecko.com/coins/images/5/large/dogecoin.png?1547792256,0.17256,22897929626,11,,1104520098,0.17685,0.16606,-0.004290168005,-2.42588,-568410284.5542908,-2.42224,132670764299.894,,,0.731578,-76.38833,2021-05-08T05:08:23.458Z,8.69e-05,198669.07095,2015-05-06T00:00:00.000Z,,2022-01-18T01:22:52.487Z,-0.6077947819696414,-2.425883089057722,,,
avalanche-2,AVAX,Avalanche,https://assets.coingecko.com/coins/images/12559/large/coin-round-red.png?1604021818,87.24,21313056676,12,62799818107.0,603483524,91.8,85.89,-4.559253877865,-4.96641,-1117778160.9567451,-4.98322,244354223.772816,377752194.4695483,720000000.0,144.96,-39.81652,2021-11-21T14:18:56.538Z,2.8,3014.62726,2020-12-31T13:15:21.540Z,,2022-01-18T01:23:10.737Z,0.15277776678211297,-4.966413128437478,,,
shiba-inu,shib,Shiba Inu,https://assets.coingecko.com/coins/images/11939/large/shiba.png?1622619446,2.942e-05,16153197097,13,,686409081,3.035e-05,2.836e-05,-8.99846e-07,-2.96819,-506514244.0917778,-3.04035,549148943174959.1,1000000000000000.0,,8.616e-05,-65.85961,2021-10-28T03:54:55.568Z,5.6e-11,52185167.87351,2020-11-28T11:26:25.838Z,,2022-01-18T01:23:11.860Z,0.3861289754602405,-2.9681871638119737,,,
matic-network,matic,Polygon,https://assets.coingecko.com/coins/images/4713/large/matic-token-icon.png?1624446912,2.24,15375644162,14,22371438790.0,1337005985,2.44,2.17,-0.16647939085,-6.92237,-1101377892.0858574,-6.68433,6872890164.27,10000000000.0,10000000000.0,2.92,-23.28805,2021-12-27T02:08:34.307Z,0.00314376,71060.71286,2019-05-10T00:00:00.000Z,,2022-01-18T01:22:39.283Z,0.27674335623086543,-6.922372241909002,850.1284085380871,usd,85012.84085380871
binance-usd,busd,Binance USD,https://assets.coingecko.com/coins/images/9576/large/BUSD.png?1568947766,1.0,14304456013,15,,3286008379,1.01,0.99573,0.00138304,0.13839,-135404498.10578918,-0.93771,14293945855.19,14293945855.19,,1.15,-13.2965,2020-03-13T02:35:42.953Z,0.901127,11.05372,2021-05-19T13:04:37.445Z,,2022-01-18T01:23:02.915Z,-0.3144475635306552,0.13839076504593312,,,
cosmos,atom,Cosmos,https://assets.coingecko.com/coins/images/1481/large/cosmos_hub.png?1555657960,39.93,11436896528,16,,1317630903,43.68,38.39,-3.13641353284,-7.28317,-911971369.9873428,-7.38506,286283214.708638,,,44.45,-10.09657,2022-01-17T00:34:41.497Z,1.16,3344.67892,2020-03-13T02:27:44.591Z,,2022-01-18T01:22:37.017Z,0.35697406415540567,-7.283166479843081,398.2745904950717,usd,39827.45904950717
crypto-com-chain,cro,Crypto.com Coin,https://assets.coingecko.com/coins/images/7310/large/cypto.png?1547043960,0.449932,11365464076,17,,133297304,0.460094,0.438265,-0.010161806365,-2.20864,-266136575.65847206,-2.28805,25263013692.0,30263013692.0,,0.965407,-53.3994,2021-11-24T15:53:54.855Z,0.0121196,3612.04996,2019-02-08T00:00:00.000Z,,2022-01-18T01:22:47.121Z,0.4384228327625731,-2.2086384339841376,,,
chainlink,link,Chainlink,https://assets.coingecko.com/coins/images/877/large/chainlink-new-logo.png?1547034700,24.25,11323115548,19,24246004304.0,850589146,25.38,23.35,-1.115142822537,-4.39705,-514617521.4940491,-4.34726,467009549.5205637,1000000000.0,1000000000.0,52.7,-54.00534,2021-05-10T00:13:57.214Z,0.148183,16256.52508,2017-11-29T00:00:00.000Z,,2022-01-18T01:21:48.563Z,1.17045818368996,-4.397051982580652,,,
wrapped-bitcoin,wbtc,Wrapped Bitcoin,https://assets.coingecko.com/coins/images/7598/large/wrapped_bitcoin_wbtc.png?1548822744,42442.0,11320850385,18,11320850385.0,282605612,43032.0,41670.0,-490.425952130674,-1.14232,-129008285.8482933,-1.12672,266780.84401808,266780.84401808,266780.84401808,70643.0,-39.92483,2021-11-10T14:40:19.650Z,3139.17,1251.92103,2019-04-02T00:00:00.000Z,,2022-01-18T01:22:57.353Z,0.01971351977982048,-1.1423212032808194,,,
near,near,Near,https://assets.coingecko.com/coins/images/10365/large/near_icon.png?1601359077,18.15,11173339616,20,18160064915.0,742616311,19.85,17.42,-1.693193317568,-8.53123,-1030058351.4168339,-8.44075,615269805.950044,1000000000.0,1000000000.0,20.44,-11.14612,2022-01-16T22:09:45.873Z,0.526762,3347.48654,2020-11-04T16:09:15.137Z,,2022-01-18T01:22:46.931Z,0.6495328336934759,-8.531225278500946,,,
terrausd,ust,TerraUSD,https://assets.coingecko.com/coins/images/12681/large/UST.png?1601612407,1.0,10755069700,21,,222651145,1.01,0.99632,0.00125764,0.12585,69347743.0,0.64898,10737173429.2471,10737557986.4541,,1.09,-8.36432,2021-01-11T22:30:57.984Z,0.857992,16.61838,2021-05-19T13:14:26.898Z,,2022-01-18T01:22:48.850Z,-0.29350681334632267,0.1258463869760312,,,
litecoin,ltc,Litecoin,https://assets.coingecko.com/coins/images/2/large/litecoin.png?1547033580,152.63,10601559394,22,12824837176.0,1499778162,153.6,144.74,6.76,4.63195,472915307.0,4.66909,69437995.7334713,84000000.0,84000000.0,410.26,-62.74099,2021-05-10T03:13:07.904Z,1.15,13205.46036,2015-01-14T00:00:00.000Z,,2022-01-18T01:22:00.942Z,0.18430126419517237,4.631948647784093,,,
dai,dai,Dai,https://assets.coingecko.com/coins/images/9956/large/4943.png?1636636734,1.0,9332164073,23,9332164073.0,557009882,1.01,0.994844,0.00173897,0.17402,84787729.0,0.91688,9322501604.34232,9322501604.34232,9322501604.34232,1.22,-17.87583,2020-03-13T03:02:50.373Z,0.903243,10.82692,2019-11-25T00:04:18.137Z,,2022-01-18T01:21:16.900Z,-0.2451905867408839,0.17401932410132304,,,
algorand,algo,Algorand,https://assets.coingecko.com/coins/images/4380/large/download.png?1547039725,1.36,8813889868,24,13603612947.0,278943376,1.43,1.34,-0.052414566253,-3.71041,-335567876.87872887,-3.66763,6479080154.87844,6922950168.8689,10000000000.0,3.56,-61.79389,2019-06-20T14:51:19.480Z,0.105336,1191.66174,2020-03-13T02:20:48.438Z,,2022-01-18T01:23:07.972Z,0.5648712560885645,-3.7104111616411894,-0.43324149110771876,usd,-43.32414911077188
uniswap,uni,Uniswap,https://assets.coingecko.com/coins/images/12504/large/uniswap-uni.png?1600306604,16.9,7648846767,25,16909592539.0,236842359,17.93,16.33,-0.842099110408,-4.745,-366318567.6282902,-4.57032,452337733.7100116,1000000000.0,1000000000.0,44.92,-62.35336,2021-05-03T05:25:04.822Z,1.03,1541.48902,2020-09-17T01:20:38.214Z,,2022-01-18T01:23:09.120Z,-0.03266820774223254,-4.744999913329471,,,
fantom,ftm,Fantom,https://assets.coingecko.com/coins/images/4001/large/Fantom.png?1558015016,2.97,7557226472,26,9442247904.0,1596856382,3.26,2.9,-0.286353897989,-8.78335,-744442162.9878273,-8.96738,2541152731.01,3175000000.0,3175000000.0,3.46,-14.03524,2021-10-28T05:19:39.845Z,0.00190227,156195.11009,2020-03-13T02:25:38.280Z,,2022-01-18T01:22:47.894Z,0.32427381015643314,-8.783352381476604,98.1278404593595,usd,9812.78404593595
bitcoin-cash,bch,Bitcoin Cash,https://assets.coingecko.com/coins/images/780/large/bitcoin-cash-circle.png?1594689492,393.02,7412762753,27,8211082883.0,1521958309,391.81,373.51,7.16,1.8552,82339227.0,1.12325,18958281.1466523,21000000.0,21000000.0,3785.82,-89.64955,2017-12-20T00:00:00.000Z,76.93,409.32674,2018-12-16T00:00:00.000Z,,2022-01-18T01:21:57.272Z,2.3555657247098356,1.8552046797946162,,,
tron,trx,TRON,https://assets.coingecko.com/coins/images/1094/large/tron-logo.png?1547035066,0.070215,7150294700,28,,1019429627,0.072217,0.068882,-0.000203245684,-0.28863,-15639236.024440765,-0.21824,101826314624.918,101900409184.273,,0.231673,-69.66941,2018-01-05T00:00:00.000Z,0.00180434,3794.36818,2017-11-12T00:00:00.000Z,,2022-01-18T01:22:26.425Z,-1.6077485078724287,-0.2886269296216523,35.95520177236411,usd,3595.520177236411
okb,okb,OKB,https://assets.coingecko.com/coins/images/4463/large/okb_token.png?1548386209,26.62,6993080687,29,,206280835,28.23,25.93,-1.217422444955,-4.37261,-238990530.5864191,-3.30459,262680011.32,300000000.0,,44.01,-39.49649,2021-05-03T01:03:16.108Z,0.580608,4485.66751,2019-01-14T00:00:00.000Z,,2022-01-18T01:22:36.132Z,0.4220528834141552,-4.372611085404842,,,
stellar,xlm,Stellar,https://assets.coingecko.com/coins/images/100/large/Stellar_symbol_black_RGB.png?1552356157,0.25887,6417393263,30,12943082499.0,308690976,0.259243,0.25141,0.00101296,0.39284,19355130.0,0.30252,24791716294.9985,50001802310.8353,50001802310.8353,0.875563,-70.42177,2018-01-03T00:00:00.000Z,0.00047612,54292.62805,2015-03-05T00:00:00.000Z,,2022-01-18T01:22:51.542Z,0.06307962255811303,0.39283886920833494,,,
ftx-token,ftt,FTX Token,https://assets.coingecko.com/coins/images/9026/large/F.png?1609051564,44.79,6206128392,31,14978574161.0,215808244,46.37,43.98,-1.250870712982,-2.71684,-177051936.45422745,-2.77373,138569137.91874424,334438473.985972,334438473.985972,84.18,-46.79672,2021-09-09T16:59:43.151Z,1.15,3795.5492,2019-09-06T00:00:00.000Z,,2022-01-18T01:22:03.415Z,0.25421569740500627,-2.7168445861296293,,,
internet-computer,icp,Internet Computer,https://assets.coingecko.com/coins/images/14495/large/Internet_Computer_logo.png?1620703073,30.45,6048396489,32,14295150610.0,251630725,31.04,28.83,-0.479666570873,-1.55073,-88640944.46070004,-1.44436,198528202.57,469213710.0,469213710.0,700.65,-95.65372,2021-05-10T16:05:53.653Z,21.04,44.72177,2021-12-20T12:59:41.703Z,,2022-01-18T01:22:30.702Z,0.7885259476813532,-1.5507282494061774,,,
staked-ether,steth,Lido Staked Ether,https://assets.coingecko.com/coins/images/13442/large/steth_logo.png?1608607546,3232.88,5480025307,33,5480025307.0,18508262,3328.64,3148.22,-89.540513393579,-2.69504,-160895764.04391384,-2.8523,1696922.4364758,1696922.4364758,1696922.4364758,4829.57,-33.03184,2021-11-10T14:40:47.256Z,482.9,569.76596,2020-12-22T04:08:21.854Z,,2022-01-18T01:23:14.059Z,0.14266591524353453,-2.6950423172916653,,,
axie-infinity,axs,Axie Infinity,https://assets.coingecko.com/coins/images/13029/large/axie_infinity_logo.png?1604471082,77.31,5401486881,34,20867499781.0,438093802,83.38,75.79,-2.520770371005,-3.15778,-171016794.68878078,-3.06894,69888653.32430208,270000000.0,270000000.0,164.9,-53.11844,2021-11-06T19:29:29.482Z,0.123718,62386.0748,2020-11-06T08:05:43.662Z,,2022-01-18T01:22:23.985Z,-0.5458347467316638,-3.1577772752874136,,,
vechain,vet,VeChain,https://assets.coingecko.com/coins/images/1167/large/VeChain-Logo-768x725.png?1547035194,0.076088,5079455564,35,,201691176,0.07804,0.073974,-0.001717987924,-2.20804,-118596541.75762558,-2.28156,66760741299.0,86712634466.0,,0.280991,-72.91526,2021-04-19T01:08:21.675Z,0.00191713,3869.76678,2020-03-13T02:29:59.652Z,,2022-01-18T01:23:14.161Z,0.31068663272118674,-2.2080401841123547,7.222816461308409,eth,722.2816461308408
hedera-hashgraph,hbar,Hedera,https://assets.coingecko.com/coins/images/3688/large/hbar.png?1637045634,0.270774,5043376723,36,,67090140,0.283213,0.266822,-0.006955719708,-2.50449,-133259345.1694622,-2.57425,18631599789.0,50000000000.0,,0.569229,-52.45199,2021-09-15T10:40:28.318Z,0.00986111,2644.6914,2020-01-02T17:30:24.852Z,,2022-01-18T01:22:57.888Z,-0.7444683773912567,-2.5044886741518058,,,
magic-internet-money,mim,Magic Internet Money,https://assets.coingecko.com/coins/images/16786/large/mimlogopng.png?1624979612,1.0,4640833195,37,,444953755,1.01,0.995517,0.00333757,0.33337,14136120.0,0.30553,4619748141.24997,4619748141.24997,,1.04,-3.36135,2021-10-06T13:25:17.751Z,0.919196,9.45015,2021-12-04T05:29:56.806Z,,2022-01-18T01:22:29.065Z,0.08441851493043,0.3333725748824117,,,
filecoin,fil,Filecoin,https://assets.coingecko.com/coins/images/12817/large/filecoin.png?1602753933,29.32,4333524645,39,57786991601.0,288899663,30.06,28.63,-0.733857735481,-2.44149,-113680900.51935005,-2.55623,147799573.0,1970888222.0,1970888222.0,236.84,-87.62005,2021-04-01T13:29:41.564Z,20.06,46.168,2020-12-29T22:32:28.483Z,,2022-01-18T01:22:53.553Z,0.2377898825814941,-2.4414905434522676,,,
compound-ether,ceth,cETH,https://assets.coingecko.com/coins/images/10643/large/ceth2.JPG?1581389598,65.04,4328685474,38,,8289490,66.85,63.21,-1.711839093425,-2.56432,-149551193.1082039,-3.33951,66774286.665025,66774286.665025,,97.75,-33.45905,2021-11-21T12:39:57.508Z,1.89,3348.26184,2020-03-13T02:22:33.711Z,,2022-01-18T01:17:38.203Z,0.3570615392492675,-2.564322683870585,,,
the-sandbox,sand,The Sandbox,https://assets.coingecko.com/coins/images/12129/large/sandbox_logo.jpg?1597397942,4.65,4283082473,40,13950298147.0,549209203,4.96,4.55,-0.248027423135,-5.0638,-205384054.1803527,-4.57582,921073319.2233225,3000000000.0,3000000000.0,8.4,-44.62055,2021-11-25T06:04:40.957Z,0.02897764,15947.19907,2020-11-04T15:59:14.441Z,,2022-01-18T01:22:24.369Z,-0.10113300944259884,-5.063801802507414,,,
ethereum-classic,etc,Ethereum Classic,https://assets.coingecko.com/coins/images/453/large/ethereum-classic-logo.png?1547034169,31.81,4211171772,41,6703874982.0,265482155,32.04,30.63,-0.222972629175,-0.69598,-32666208.491739273,-0.76973,132355375.755025,210700000.0,210700000.0,167.09,-80.94078,2021-05-06T18:34:22.133Z,0.615038,5077.75684,2016-07-25T00:00:00.000Z,,2022-01-18T01:23:03.912Z,1.1015007838873259,-0.6959816027883005,69.6981588814734,usd,6969.81588814734
theta-token,theta,Theta Network,https://assets.coingecko.com/coins/images/2538/large/theta-token-logo.png?1548387191,4.0,4000551757,42,,144440379,4.16,3.9,-0.158232952054,-3.80448,-159634320.37481976,-3.83719,1000000000.0,1000000000.0,,15.72,-74.54263,2021-04-16T13:15:11.190Z,0.04039979,9805.56062,2020-03-13T02:24:16.483Z,,2022-01-18T01:22:30.363Z,-0.03440648808928591,-3.8044824263206807,25.672573759669454,usd,2567.2573759669453
monero,xmr,Monero,https://assets.coingecko.com/coins/images/69/large/monero_logo.png?1547033729,215.56,3894596575,43,,194772662,229.66,212.62,-7.155902386852,-3.21306,-134470601.22607803,-3.33751,18064574.4458538,,,542.33,-60.19444,2018-01-09T00:00:00.000Z,0.216177,99760.77306,2015-01-14T00:00:00.000Z,,2022-01-18T01:23:03.815Z,0.030627802748435882,-3.213062254864741,,,
decentraland,mana,Decentraland,https://assets.coingecko.com/coins/images/878/large/decentraland-mana.png?1550108745,2.93,3885228292,45,6421510720.0,424437370,3.18,2.89,-0.216015553383,-6.87312,-260604012.5773368,-6.28593,1327372145.9864838,2193882527.32015,2193882527.32015,5.85,-49.94976,2021-11-25T10:04:18.534Z,0.00923681,31603.05159,2017-10-31T00:00:00.000Z,,2022-01-18T01:22:11.266Z,-0.25315013388380725,-6.8731156176515205,145.34451523691155,usd,14534.451523691156
elrond-erd-2,egld,Elrond,https://assets.coingecko.com/coins/images/12335/large/elrond3_360.png?1626341589,190.77,3884124111,44,,123876788,195.74,183.26,-2.721249089486,-1.40642,-62654131.812838554,-1.58748,20398144.0,20397843.0,,545.64,-65.06131,2021-11-23T10:33:26.737Z,6.51,2829.90932,2020-10-07T01:44:53.554Z,,2022-01-18T01:22:53.155Z,1.178043179885211,-1.4064164029287902,,,
harmony,one,Harmony,https://assets.coingecko.com/coins/images/4344/large/Y88JAze.png?1565065793,0.326787,3787714076,46,4299225572.0,332367346,0.347968,0.307846,-0.020173889262,-5.81445,-240265028.94209862,-5.9649,11590770334.1007,13156044839.793139,13156044839.793139,0.37902,-13.78088,2021-10-26T09:28:49.782Z,0.00127355,25559.57067,2020-03-13T02:24:14.005Z,,2022-01-18T01:21:38.640Z,1.894203183270308,-5.814454832145089,101.9250668374463,usd,10192.50668374463
klay-token,klay,Klaytn,https://assets.coingecko.com/coins/images/9672/large/CjbT82vP_400x400.jpg?1570548320,1.39,3643770123,47,,29182413,1.41,1.38,-0.022811348455,-1.61815,-27755734.205590248,-0.75597,2602562592.4,,,4.34,-68.06752,2021-03-30T03:44:28.828Z,0.06044,2192.40914,2020-04-29T08:19:34.574Z,,2022-01-18T01:22:29.115Z,-1.4883686123400308,-1.618150437668046,,,
tezos,xtz,Tezos,https://assets.coingecko.com/coins/images/976/large/Tezos-logo.png?1547034862,4.1,3583791918,48,,104062791,4.27,4.02,-0.165282194914,-3.87317,-145817756.1191907,-3.90973,873671300.15205,,,9.12,-54.96209,2021-10-04T00:41:18.025Z,0.350476,1071.45973,2018-12-07T00:00:00.000Z,,2022-01-18T01:22:42.261Z,0.4224930017302765,-3.873174646934506,7.727819036126008,usd,772.7819036126009
leo-token,leo,LEO Token,https://assets.coingecko.com/coins/images/8418/large/leo-token.png?1558326215,3.78,3545047704,49,,383508,3.88,3.73,-0.024883050306,-0.65446,-24487576.020310402,-0.68602,937710189.9,985239504.0,,3.95,-4.22408,2021-05-14T13:54:31.192Z,0.799859,372.39337,2019-12-24T15:14:35.376Z,,2022-01-18T01:23:05.766Z,-0.03922519466557544,-0.6544625958585882,,,
helium,hnt,Helium,https://assets.coingecko.com/coins/images/4284/large/Helium_HNT.png?1612620071,33.07,3325252377,50,7375531985.0,18474508,33.24,31.38,-0.110173989343,-0.33201,-14297749.67630434,-0.42813,100539361.984279,223000000.0,223000000.0,54.88,-39.72008,2021-11-12T23:08:25.301Z,0.113248,29110.17425,2020-04-18T00:19:10.902Z,,2022-01-18T01:21:35.560Z,0.1108478827930835,-0.3320062839324609,,,
iota,miota,IOTA,https://assets.coingecko.com/coins/images/692/large/IOTA_Swirl.png?1604238557,1.17,3260481451,51,,67211832,1.2,1.12,0.050177,4.46968,137912572.0,4.41664,2779530283.277761,2779530283.0,,5.25,-77.63341,2017-12-19T00:00:00.000Z,0.081637,1338.03388,2020-03-13T02:22:41.168Z,,2022-01-18T01:22:41.997Z,0.37478437064003295,4.469679625572667,19.63741901128412,btc,1963.7419011284119
cdai,cdai,cDAI,https://assets.coingecko.com/coins/images/9281/large/cDAI.png?1576467585,0.02185045,3212302868,52,,1110875,0.02211413,0.02172049,-1.898913e-06,-0.00869,21020773.0,0.65869,146807247886.952,146807247886.952,,0.03159087,-30.77736,2020-10-12T21:29:00.007Z,0.00728854,200.03294,2020-03-18T04:29:40.819Z,,2022-01-18T01:22:39.585Z,-0.05041024638555607,-0.00868974169158829,,,
aave,aave,Aave,https://assets.coingecko.com/coins/images/12645/large/AAVE.png?1601374110,236.34,3181233023,53,3775496897.0,326361293,241.42,222.22,-5.082205928135,-2.10511,-79701135.32184553,-2.44412,13481597.194461234,16000000.0,16000000.0,661.69,-64.32058,2021-05-18T21:19:59.514Z,26.02,807.22001,2020-11-05T09:20:11.928Z,,2022-01-18T01:23:07.017Z,2.5322085605731703,-2.105106588841078,,,
compound-usd-coin,cusdc,cUSDC,https://assets.coingecko.com/coins/images/9442/large/Compound_USDC.png?1567581577,0.02249156,2985649591,54,,4113689,0.02276504,0.02235126,4.378e-05,0.19505,54259056.0,1.85097,132576083344.463,132576083344.463,,0.058843,-61.74703,2020-10-21T11:24:27.820Z,0.00620705,262.64149,2021-03-04T08:11:37.438Z,,2022-01-18T01:23:07.877Z,0.013257885445003774,0.19504991299497973,,,
pancakeswap-token,cake,PancakeSwap,https://assets.coingecko.com/coins/images/12632/large/pancakeswap-cake-logo_%281%29.png?1629359065,11.38,2950326360,55,,148680849,12.04,11.11,-0.54561694873,-4.57585,-140447854.35942745,-4.5441,259344598.278036,,,43.96,-74.11956,2021-04-30T10:08:22.934Z,0.194441,5751.78078,2020-11-03T14:29:34.165Z,,2022-01-18T01:22:16.645Z,0.5918006551821337,-4.575845191026351,,,
the-graph,grt,The Graph,https://assets.coingecko.com/coins/images/13397/large/Graph_Token.png?1608145566,0.552944,2905653453,56,5530530681.0,87716670,0.58136,0.539854,-0.026545649213,-4.58087,-142297429.03691053,-4.66863,5253842029.0,10000000000.0,10000000000.0,2.84,-80.53653,2021-02-12T07:28:45.775Z,0.103254,435.62447,2020-12-17T21:28:41.332Z,,2022-01-18T01:23:03.685Z,0.28348245882332807,-4.580868661300469,,,
eos,eos,EOS,https://assets.coingecko.com/coins/images/738/large/eos-eos-logo.png?1547034481,2.87,2818284305,57,,341384511,2.9,2.78,-0.014972732839,-0.51846,-14248535.902265072,-0.50303,981186405.3413,,,22.71,-87.34878,2018-04-29T07:50:33.540Z,0.5024,471.90537,2017-10-23T00:00:00.000Z,,2022-01-18T01:23:21.657Z,0.5432723198817117,-0.5184642475784151,1.9019474812687385,usd,190.19474812687383
osmosis,osmo,Osmosis,https://assets.coingecko.com/coins/images/16724/large/osmo.png?1632763885,9.88,2710583790,58,9883796978.0,118018669,10.75,9.68,-0.7117758077,-6.71767,-186492400.33873987,-6.43726,274245191.0,325000000.0,1000000000.0,10.96,-9.87863,2022-01-17T00:50:05.775Z,1.24,699.4434,2021-07-20T10:21:24.662Z,,2022-01-18T01:17:38.516Z,0.4032632276672707,-6.71767182457384,,,
bittorrent-2,btt,BitTorrent,https://assets.coingecko.com/coins/images/7595/large/BTT_Token_Graphic.png?1555066995,0.00277699,2589632301,59,,19861068,0.00283921,0.0026039,4.396e-05,1.60838,45077503.0,1.77153,932497500000.0,990000000000.0,,0.01356626,-79.52942,2021-04-05T04:09:06.433Z,0.00013814,1910.30482,2020-03-13T02:22:57.629Z,,2022-01-18T01:22:26.558Z,0.02073791530510034,1.608383253682906,22.14155668027166,usd,2214.155668027166
arweave,ar,Arweave,https://assets.coingecko.com/coins/images/4343/large/oRt6SiEN_400x400.jpg?1591059616,47.39,2379786801,60,3134516551.0,46964992,49.29,45.35,-1.787775690635,-3.63513,-90038636.48543453,-3.64555,50108502.0,64598643.0,66000000.0,89.24,-46.85234,2021-11-05T04:14:42.689Z,0.298788,15772.93706,2020-01-31T06:47:36.543Z,,2022-01-18T01:22:55.421Z,-1.3845420479448964,-3.6351262339857637,63.044312490832624,usd,6304.431249083262
flow,flow,Flow,https://assets.coingecko.com/coins/images/13446/large/5f6294c0c7a8cda55cb1c936_Flow_Wordmark.png?1631696776,7.45,2372661180,61,,44032296,7.62,7.35,-0.157957097548,-2.0766,-50983616.54979944,-2.10359,318082398.0,1393082413.50733,,42.4,-82.432,2021-04-05T13:49:10.098Z,4.95,50.47131,2021-01-27T15:34:04.000Z,,2022-01-18T01:22:47.994Z,0.038457734543496616,-2.0766016994981693,,,
kusama,ksm,Kusama,https://assets.coingecko.com/coins/images/9568/large/m4zRhP5e_400x400.jpg?1576190080,260.44,2338986385,62,2604633452.0,57886795,274.79,255.48,-14.210333440256,-5.17401,-129100464.88551378,-5.23079,8980098.074112339,10000000.0,10000000.0,621.71,-58.10136,2021-05-18T05:04:41.858Z,0.876572,29616.4314,2020-01-14T19:20:20.768Z,,2022-01-18T01:22:54.208Z,-0.09539870046527374,-5.174013367169098,,,
gala,gala,Gala,https://assets.coingecko.com/coins/images/12493/large/GALA-COINGECKO.png?1600233435,0.307657,2320095159,63,15380153884.0,367399960,0.326868,0.301635,-0.01677966124,-5.17194,-123828992.39642382,-5.06681,7542496572.319239,36647573102.9896,50000000000.0,0.824837,-62.70739,2021-11-26T01:03:48.731Z,0.00013475,228178.00354,2020-12-28T08:46:48.367Z,,2022-01-18T01:23:06.055Z,0.6234800167710146,-5.171939807193315,,,
frax,frax,Frax,https://assets.coingecko.com/coins/images/13422/large/frax_logo.png?1608476506,0.999433,2220031431,64,2220031431.0,61499292,1.01,0.989775,0.00130256,0.1305,65868743.0,3.05774,2220998324.06825,2220998324.06825,2220998324.06825,1.14,-12.35359,2021-02-07T12:55:35.766Z,0.891635,12.10465,2021-12-04T05:33:57.315Z,,2022-01-18T01:22:45.903Z,-0.20226408904885518,0.13050051226844978,,,
enjincoin,enj,Enjin Coin,https://assets.coingecko.com/coins/images/1102/large/enjin-coin-logo.png?1547035078,2.35,2193490034,65,2347634144.0,130056032,2.53,2.3,-0.146011625286,-5.8545,-131425389.33720064,-5.65291,934340659.567558,1000000000.0,1000000000.0,4.82,-51.2716,2021-11-25T09:53:41.955Z,0.01865964,12485.36394,2017-11-12T00:00:00.000Z,,2022-01-18T01:22:31.519Z,0.25155896369054837,-5.854498468086664,,,
blockstack,stx,Stacks,https://assets.coingecko.com/coins/images/2069/large/Stacks_logo_full.png?1604112510,2.06,2172069136,66,,57720643,2.18,2.05,-0.088907914477,-4.12906,-103797632.60485744,-4.5608,1052561461.68777,1818000000.0,,3.39,-39.10976,2021-12-01T01:32:34.725Z,0.04559639,4426.58107,2020-03-13T02:29:26.415Z,,2022-01-18T01:22:46.448Z,-1.57100640832372,-4.129061585180671,16.202627880452866,usd,1620.2627880452867
radix,xrd,Radix,https://assets.coingecko.com/coins/images/4374/large/Radix.png?1629701658,0.222411,2164925388,67,5331029869.0,1001640,0.243225,0.212453,-0.020122934988,-8.29696,-201634595.61767197,-8.52016,9746373700.231,12146350592.7298,24000000000.0,0.651264,-65.84932,2021-11-14T16:09:27.130Z,0.086235,157.91184,2021-09-13T04:50:07.104Z,,2022-01-18T01:18:47.971Z,0.8679968880376696,-8.29695767278865,,,
quant-network,qnt,Quant,https://assets.coingecko.com/coins/images/3370/large/5ZOu7brX_400x400.jpg?1612437252,161.0,2160828621,68,2353899107.0,32208295,167.2,157.24,-5.892967205983,-3.53103,-78286664.68362093,-3.49632,13413953.469289193,14612493.0,14612493.0,427.42,-62.27335,2021-09-11T09:15:00.668Z,0.215773,74632.20092,2018-08-23T00:00:00.000Z,,2022-01-18T01:23:15.408Z,0.013402091818167983,-3.531025140304547,20.375958730192174,eth,2037.5958730192174
bitcoin-cash-sv,bsv,Bitcoin SV,https://assets.coingecko.com/coins/images/6799/large/BSV.png?1558947902,112.15,2116014808,69,,67612437,112.71,109.27,-0.07195984016,-0.06412,-9013309.008580446,-0.42415,18954495.394239,21000000.0,,489.75,-77.14012,2021-04-16T17:09:04.630Z,42.02,166.45321,2018-11-23T00:00:00.000Z,,2022-01-18T01:22:50.613Z,1.1250264911809842,-0.06412456263458695,,,
amp-token,amp,Amp,https://assets.coingecko.com/coins/images/12409/large/amp-200x200.png?1599625397,0.04034536,1937726691,70,4004488978.0,15809305,0.04118758,0.03999059,-0.000645775834,-1.5754,-39712216.385792255,-2.00827,48013928909.1577,99443169260.5329,99225164238.50153,0.120813,-66.59314,2021-06-16T16:03:41.147Z,0.00250501,1511.15762,2020-11-04T13:18:12.191Z,,2022-01-18T01:23:06.575Z,0.30817932175257645,-1.5754036149159882,,,
maker,mkr,Maker,https://assets.coingecko.com/coins/images/1364/large/Mark_Maker.png?1585191826,2120.93,1909209547,71,2130071997.0,46518749,2265.22,2083.97,-127.333182485776,-5.66363,-111242765.29458237,-5.50583,901310.9472893132,984789.669117653,1005577.0,6292.31,-66.29889,2021-05-03T21:54:29.333Z,168.36,1159.569,2020-03-16T20:52:36.527Z,,2022-01-18T01:23:06.607Z,0.32532541358906253,-5.663625277652864,,,
convex-finance,cvx,Convex Finance,https://assets.coingecko.com/coins/images/15585/large/convex.png?1621256328,40.82,1906697868,73,4093280696.0,12978492,41.41,40.18,-0.362955643719,-0.88123,-21588253.95632553,-1.11956,46581165.79700425,81709903.2547082,100000000.0,60.09,-31.80264,2022-01-01T18:04:03.030Z,1.9,2053.48543,2021-07-20T13:17:29.183Z,,2022-01-18T01:23:18.637Z,-0.3210203614079077,-0.8812263683767186,,,
ecash,xec,eCash,https://assets.coingecko.com/coins/images/16646/large/Logo_final-22.png?1628239446,0.00010032,1901243431,72,2106426452.0,21401139,0.00010385,9.864e-05,-1.952653e-06,-1.90922,-37536666.67289138,-1.9361,18954429673313.0,21000000000000.0,21000000000000.0,0.00038001,-73.56692,2021-09-04T17:09:31.137Z,1.847e-05,443.85325,2021-07-20T20:49:46.212Z,,2022-01-18T01:22:27.222Z,-0.30360513072481826,-1.9092240791261772,,,
curve-dao-token,crv,Curve DAO Token,https://assets.coingecko.com/coins/images/12124/large/Curve.png?1597369484,4.82,1890594311,74,15932035347.0,570582023,5.03,4.61,-0.203075136052,-4.0394,-82199570.31899595,-4.16666,391958099.3931446,1672103882.4743,3303030299.0,54.01,-91.06869,2020-08-14T04:53:44.010Z,0.331577,1354.70131,2020-11-05T13:09:50.181Z,,2022-01-18T01:23:13.184Z,-0.09318283075850309,-4.039404370145044,,,
theta-fuel,tfuel,Theta Fuel,https://assets.coingecko.com/coins/images/8029/large/1_0YusgngOrriVg4ZYx4wOFQ.png?1553483622,0.175774,1886178774,75,,13633636,0.179304,0.170571,-0.003037812572,-1.69888,49552231.0,2.698,0.0,5301200000.0,,0.68159,-74.20962,2021-06-09T06:50:55.818Z,0.00090804,19258.70953,2020-03-13T02:30:37.972Z,,2022-01-18T01:23:00.974Z,-0.3376233321469753,-1.698883494886108,,,
oasis-network,rose,Oasis Network,https://assets.coingecko.com/coins/images/13162/large/rose.png?1605772906,0.528055,1844068356,76,5283863484.0,411907009,0.543986,0.486471,0.01909446,3.75166,66037920.0,3.71411,3490000000.0,10000000000.0,10000000000.0,0.597347,-11.54444,2022-01-15T03:31:11.062Z,0.03200566,1550.91522,2020-11-26T17:09:12.182Z,,2022-01-18T01:23:17.566Z,4.373384576759678,3.751659513190792,,,
celo,celo,Celo,https://assets.coingecko.com/coins/images/11090/large/icon-celo-CELO-color-500.png?1592293590,4.63,1793971741,77,4634253900.0,67661567,4.93,4.5,-0.287766666424,-5.84638,-117803191.63824224,-6.16198,387111233.0,1000000000.0,1000000000.0,9.82,-52.81426,2021-08-30T14:25:09.929Z,0.800156,479.16904,2020-05-22T04:15:27.736Z,,2022-01-18T01:22:53.023Z,0.6392945717738172,-5.846382745562861,,,
thorchain,rune,THORChain,https://assets.coingecko.com/coins/images/6595/large/RUNE.png?1614160507,5.94,1786355096,79,2969833069.0,64733761,6.26,5.78,-0.319897196884,-5.11023,-95474997.64165688,-5.07352,300750084.9386705,500000000.0,500000000.0,20.87,-71.53638,2021-05-19T00:30:09.436Z,0.00851264,69674.67773,2019-09-28T00:00:00.000Z,,2022-01-18T01:22:08.317Z,0.4228397272231504,-5.110230297549626,155.31683677106184,usd,15531.683677106184
ecomi,omi,ECOMI,https://assets.coingecko.com/coins/images/4428/large/ECOMI.png?1557928886,0.00739671,1783530898,78,,10664438,0.00749356,0.00723786,-9.5687552e-05,-1.27713,-24674905.669987917,-1.36461,241164504599.56,750000000000.0,,0.01343572,-44.89137,2021-03-19T17:20:53.999Z,3.37e-06,219548.34016,2019-11-04T10:52:42.729Z,,2022-01-18T01:22:57.854Z,0.03886913457332599,-1.277128169294557,16.44119846972096,btc,1644.119846972096
neo,neo,NEO,https://assets.coingecko.com/coins/images/480/large/NEO_512_512.png?1594357361,24.24,1709628188,80,,75060665,24.9,23.62,-0.64101792807,-2.57606,-45514587.868425846,-2.59321,70530000.0,100000000.0,,198.38,-87.7722,2018-01-15T00:00:00.000Z,0.078349,30860.89694,2016-10-21T00:00:00.000Z,,2022-01-18T01:22:31.638Z,0.3511389060078879,-2.5760588482940836,672.4069429659884,usd,67240.69429659883
zcash,zec,Zcash,https://assets.coingecko.com/coins/images/486/large/circle-zcash-color.png?1547034197,140.12,1684174944,81,2941659465.0,183253213,141.93,135.31,-0.286750258732,-0.20423,-11810654.54019785,-0.69639,12023034.6975468,21000000.0,21000000.0,3191.93,-95.61005,2016-10-29T00:00:00.000Z,19.75,609.35831,2020-03-13T02:20:55.002Z,,2022-01-18T01:22:13.267Z,-0.1493554001231865,-0.2042329961002381,,,
huobi-btc,hbtc,Huobi BTC,https://assets.coingecko.com/coins/images/12407/large/Unknown-5.png?1599624896,42192.0,1682363317,82,1682363317.0,2401345,43331.0,41571.0,-1057.613088803912,-2.44539,-42286289.18305278,-2.45188,39884.082204742,39884.082204742,39884.082204742,69325.0,-39.14132,2021-05-10T02:33:06.038Z,11209.02,276.39613,2020-10-12T03:56:16.768Z,,2022-01-18T01:22:52.602Z,-0.7379333837935401,-2.445391741917518,,,
kucoin-shares,kcs,KuCoin Token,https://assets.coingecko.com/coins/images/1047/large/sa9z79.png?1610678720,20.94,1606551703,83,,13855892,21.25,20.44,-0.040025991778,-0.19081,-3449951.4433054924,-0.21428,76729977.0,166729977.0,,28.83,-27.03776,2021-12-01T15:09:35.541Z,0.342863,6035.08272,2019-02-07T00:00:00.000Z,,2022-01-18T01:22:16.411Z,0.043283052019137,-0.19081429734298203,,,
loopring,lrc,Loopring,https://assets.coingecko.com/coins/images/913/large/LRC.png?1572852344,1.24,1538818707,86,1697545889.0,358080729,1.36,1.19,-0.115755421149,-8.56859,-141867905.20786214,-8.44107,1245991468.94246,1373873440.44246,1374513896.0,3.75,-67.04669,2021-11-10T14:59:53.164Z,0.01963893,6192.07722,2019-12-18T13:14:41.553Z,,2022-01-18T01:23:06.456Z,0.13074008815237773,-8.568587520391977,19.586204421400417,usd,1958.6204421400416
huobi-token,ht,Huobi Token,https://assets.coingecko.com/coins/images/2822/large/huobi-token-logo.png?1547036992,9.86,1538108564,84,4906506299.0,59722012,10.02,9.7,-0.149047038363,-1.48926,-28722447.486956596,-1.83316,156741729.25441208,500000000.0,500000000.0,39.66,-75.20356,2021-05-12T14:42:21.586Z,0.90862,982.35116,2019-01-30T00:00:00.000Z,,2022-01-18T01:23:09.975Z,0.05690105073437945,-1.4892629806686728,8.95864681562667,usd,895.8646815626671
basic-attention-token,bat,Basic Attention Token,https://assets.coingecko.com/coins/images/677/large/basic-attention-token.png?1547034427,1.03,1538091162,85,1543603541.0,95696636,1.05,1.0,-0.019850878485,-1.89191,-32104697.045973778,-2.04463,1494643334.4473505,1500000000.0,1500000000.0,1.9,-45.87346,2021-11-28T00:23:51.354Z,0.072394,1320.98507,2017-07-16T00:00:00.000Z,,2022-01-18T01:22:48.329Z,0.45476290997286106,-1.891910613010618,1.0342585590338695,eth,103.42585590338695
pocket-network,pokt,Pocket Network,https://assets.coingecko.com/coins/images/22506/large/33689860.png?1641957673,2.29,1500790350,87,,10267871,2.62,2.16,-0.262519118678,-10.28874,-171055101.83963275,-10.23151,655653767.200828,834282508.20223,,3.11,-27.54649,2022-01-16T07:15:26.325Z,1.77,27.50836,2022-01-12T14:24:05.711Z,,2022-01-18T01:21:53.383Z,5.734687222386306,-10.288744970511251,,,
secret,scrt,Secret,https://assets.coingecko.com/coins/images/11871/large/Secret.png?1595520186,8.99,1444811047,89,,56564499,9.48,8.62,0.05437,0.60814,4840972.0,0.33619,160617597.0,190198234.0,,10.38,-13.38483,2021-10-28T12:44:49.785Z,0.255219,3424.34952,2020-11-03T06:12:33.048Z,,2022-01-18T01:22:05.992Z,1.473468592327003,0.6081377348661543,,,
dash,dash,Dash,https://assets.coingecko.com/coins/images/19/large/dash-logo.png?1548385930,137.13,1444376515,88,,191727769,138.36,133.41,1.22,0.89811,15744968.0,1.1021,10533201.9127107,18920000.0,,1493.59,-90.81911,2017-12-20T00:00:00.000Z,0.213899,64007.30247,2014-02-14T00:00:00.000Z,,2022-01-18T01:22:30.420Z,0.22953079985273095,0.8981143857292311,,,
true-usd,tusd,TrueUSD,https://assets.coingecko.com/coins/images/3449/large/tusd.png?1618395665,1.0,1442033849,90,,96830879,1.01,0.995199,0.00404587,0.40551,3854936.0,0.26804,1439500959.77406,1439500959.77406,,1.62,-38.09981,2018-08-26T20:41:09.375Z,0.88355,13.3906,2020-03-12T10:47:51.380Z,,2022-01-18T01:23:16.119Z,-0.280034389974537,0.4055087540700949,,,
kadena,kda,Kadena,https://assets.coingecko.com/coins/images/3693/large/djLWD6mR_400x400.jpg?1591080616,8.43,1409272020,91,8428875284.0,37488475,8.93,8.04,-0.409924761794,-4.63813,-65921969.28424406,-4.4687,167195737.5655,1000000000.0,1000000000.0,27.64,-69.64363,2021-11-11T13:22:45.731Z,0.065811,12647.3278,2020-03-13T02:00:28.582Z,,2022-01-18T01:23:03.674Z,1.6530353116138676,-4.638128274110521,7.42822583620131,usd,742.822583620131
waves,waves,Waves,https://assets.coingecko.com/coins/images/425/large/waves.png?1548386117,13.97,1396385246,92,,67349436,14.19,13.53,-0.209789833851,-1.47984,-22220652.96784091,-1.56637,100000000.0,100000000.0,,43.01,-67.51598,2021-05-04T06:49:41.528Z,0.130878,10576.06324,2016-08-02T00:00:00.000Z,,2022-01-18T01:22:43.844Z,0.9271689280148746,-1.4798439397400878,73.29092444186809,usd,7329.092444186808
chiliz,chz,Chiliz,https://assets.coingecko.com/coins/images/8834/large/Chiliz.png?1561970540,0.260703,1391682582,93,2314813314.0,101279299,0.267997,0.25306,-0.0072937908,-2.7216,-40910385.12253976,-2.85569,5344064580.0,8888888888.0,8888888888.0,0.878633,-70.3719,2021-03-13T08:04:21.200Z,0.00410887,6235.612,2019-09-28T00:00:00.000Z,,2022-01-18T01:23:04.491Z,0.6328783285648582,-2.7215979148963987,10.850129232135764,usd,1085.0129232135764
celsius-degree-token,cel,Celsius Network,https://assets.coingecko.com/coins/images/3263/large/CEL_logo.png?1609598753,3.11,1317873190,94,,1847627,3.21,3.09,-0.089037315764,-2.78098,-37040541.33633137,-2.73379,423415980.3475,694720929.6871,,8.05,-61.31761,2021-06-04T00:04:12.584Z,0.02620268,11779.59639,2018-12-07T00:00:00.000Z,,2022-01-18T01:23:13.458Z,-0.03828800362780914,-2.7809784270584883,9.375389992044973,usd,937.5389992044974
nexo,nexo,NEXO,https://assets.coingecko.com/coins/images/3695/large/nexo.png?1548086057,2.27,1269752090,95,2267414405.0,6063394,2.35,2.21,-0.065890123454,-2.82387,-34204906.71792531,-2.62316,560000010.0064,1000000000.0,1000000000.0,4.07,-44.26764,2021-05-12T14:37:47.535Z,0.04515276,4921.1239,2018-09-13T00:00:00.000Z,,2022-01-18T01:22:18.254Z,-0.17951442247423702,-2.8238698611103215,21.6743707272582,usd,2167.43707272582
sushi,sushi,Sushi,https://assets.coingecko.com/coins/images/12271/large/512x512_Logo_no_chop.png?1606986688,6.52,1256947603,96,1629950275.0,190319923,6.86,6.33,-0.337462288689,-4.92226,-67766043.48255491,-5.11552,192789255.8554817,239527872.106993,250000000.0,23.38,-72.1095,2021-03-13T23:44:36.774Z,0.475381,1271.49094,2020-11-04T14:53:53.560Z,,2022-01-18T01:22:43.062Z,0.33759019255615713,-4.922264352656631,,,
mina-protocol,mina,Mina Protocol,https://assets.coingecko.com/coins/images/15628/large/JM4_vQ34_400x400.png?1621394004,3.44,1211092785,97,,34997569,3.48,3.32,-0.037817660544,-1.08776,-10802571.747959614,-0.88408,352179821.840039,886369852.840039,,9.09,-62.32078,2021-06-01T01:42:37.064Z,0.925536,270.07437,2021-07-21T02:30:02.124Z,,2022-01-18T01:21:04.026Z,0.4046698434685964,-1.0877566914140901,,,
compound-governance-token,comp,Compound,https://assets.coingecko.com/coins/images/10775/large/COMP.png?1592625425,183.35,1161454712,98,1833428439.0,56209038,189.5,178.13,-5.433746543093,-2.87831,-35333504.584026575,-2.95236,6334878.888722173,10000000.0,10000000.0,910.54,-79.86444,2021-05-12T02:29:08.794Z,61.32,198.98414,2020-06-18T12:54:32.788Z,,2022-01-18T01:23:06.561Z,0.4077766769451558,-2.8783078528938306,,,
frax-share,fxs,Frax Share,https://assets.coingecko.com/coins/images/13423/large/frax_share.png?1608478989,31.95,1138903054,99,3188816863.0,12961744,36.51,31.44,-4.334433297397,-11.94587,-155012539.1354611,-11.98011,35648060.35176793,99811073.1078177,99811073.1078177,42.8,-25.34914,2022-01-12T15:22:27.465Z,1.5,2025.54866,2021-06-25T16:50:51.447Z,,2022-01-18T01:22:11.620Z,-1.0022355985366,-11.945872398026697,,,
yearn-finance,yfi,yearn.finance,https://assets.coingecko.com/coins/images/11849/large/yfi-192x192.png?1598325330,31874.0,1136414125,100,1167405321.0,193687452,33296.0,31284.0,-1329.695668397028,-4.0046,-52440214.07739568,-4.41099,35692.624968711796,36666.0,36666.0,90787.0,-64.89757,2021-05-12T00:29:37.713Z,31.65,100605.52783,2020-07-18T12:26:27.150Z,,2022-01-18T01:23:21.587Z,0.16840494863962258,-4.004602061551294,,,
